strategy,acc,prec,rec,f1,auc
majority,0.992,1.0,0.9838709677419355,0.991869918699187,1.0
avgprob,1.0,1.0,1.0,1.0,1.0
weighted,1.0,1.0,1.0,1.0,1.0
